[{"model": "contenttypes.contenttype", "fields": {"app_label": "admin", "model": "logentry"}}, {"model": "contenttypes.contenttype", "fields": {"app_label": "auth", "model": "permission"}}, {"model": "contenttypes.contenttype", "fields": {"app_label": "auth", "model": "group"}}, {"model": "contenttypes.contenttype", "fields": {"app_label": "auth", "model": "user"}}, {"model": "contenttypes.contenttype", "fields": {"app_label": "contenttypes", "model": "contenttype"}}, {"model": "contenttypes.contenttype", "fields": {"app_label": "sessions", "model": "session"}}, {"model": "contenttypes.contenttype", "fields": {"app_label": "products", "model": "brand"}}, {"model": "contenttypes.contenttype", "fields": {"app_label": "products", "model": "image"}}, {"model": "contenttypes.contenttype", "fields": {"app_label": "products", "model": "category"}}, {"model": "contenttypes.contenttype", "fields": {"app_label": "products", "model": "product"}}, {"model": "contenttypes.contenttype", "fields": {"app_label": "products", "model": "banner"}}, {"model": "contenttypes.contenttype", "fields": {"app_label": "products", "model": "productimage"}}, {"model": "contenttypes.contenttype", "fields": {"app_label": "products", "model": "datasheet"}}, {"model": "contenttypes.contenttype", "fields": {"app_label": "queries", "model": "query"}}, {"model": "products.image", "pk": 1, "fields": {"link": "Body_Protection.png"}}, {"model": "products.image", "pk": 2, "fields": {"link": "Eye_Protection.png"}}, {"model": "products.image", "pk": 3, "fields": {"link": "Fall_Protection.png"}}, {"model": "products.image", "pk": 4, "fields": {"link": "Fire_Protection.png"}}, {"model": "products.image", "pk": 5, "fields": {"link": "First_Aid_Solutions.png"}}, {"model": "products.image", "pk": 6, "fields": {"link": "Foot_Protection.png"}}, {"model": "products.image", "pk": 7, "fields": {"link": "Hand_Protection.png"}}, {"model": "products.image", "pk": 8, "fields": {"link": "Head_Protection.png"}}, {"model": "products.image", "pk": 9, "fields": {"link": "Hearing_Protection.png"}}, {"model": "products.image", "pk": 10, "fields": {"link": "Meters_and_Detectors.png"}}, {"model": "products.image", "pk": 11, "fields": {"link": "Respiratory_Protection.png"}}, {"model": "products.image", "pk": 12, "fields": {"link": "Road_and_Safety.png"}}, {"model": "products.image", "pk": 13, "fields": {"link": "Welding_Protection.png"}}, {"model": "products.image", "pk": 14, "fields": {"link": "ActivArmr.png"}}, {"model": "products.image", "pk": 15, "fields": {"link": "3M.png"}}, {"model": "products.image", "pk": 16, "fields": {"link": "Honeywell.png"}}, {"model": "products.image", "pk": 17, "fields": {"link": "CanaSafe.png"}}, {"model": "products.image", "pk": 18, "fields": {"link": "Eurosafe.png"}}, {"model": "products.image", "pk": 19, "fields": {"link": "Portwest.png"}}, {"model": "products.image", "pk": 20, "fields": {"link": "Bullard.png"}}, {"model": "products.image", "pk": 21, "fields": {"link": "BullDozer.jpeg"}}, {"model": "products.image", "pk": 22, "fields": {"link": "Safety_Jogger.jpeg"}}, {"model": "products.image", "pk": 23, "fields": {"link": "Cofra.png"}}, {"model": "products.image", "pk": 24, "fields": {"link": "Ansell.png"}}, {"model": "products.image", "pk": 25, "fields": {"link": "RefrigiWear.png"}}, {"model": "products.image", "pk": 26, "fields": {"link": "Bolle_Safety.png"}}, {"model": "products.image", "pk": 27, "fields": {"link": "activarmr-59-416_0.png"}}, {"model": "products.image", "pk": 28, "fields": {"link": "activarmr-80-100_0.png"}}, {"model": "products.image", "pk": 29, "fields": {"link": "activarmr-80-400_0.png"}}, {"model": "products.image", "pk": 30, "fields": {"link": "activarmr-97-200_0.png"}}, {"model": "products.image", "pk": 31, "fields": {"link": "activarmr-43-217_0.png"}}, {"model": "products.image", "pk": 32, "fields": {"link": "3m-full-brim-hard-hat-h-803r_0.png"}}, {"model": "products.image", "pk": 33, "fields": {"link": "3m-full-brim-hard-hat-h-801r_0.png"}}, {"model": "products.image", "pk": 34, "fields": {"link": "3m-g3000-non-vented_0.png"}}, {"model": "products.image", "pk": 35, "fields": {"link": "3m-g3000-vented_0.png"}}, {"model": "products.image", "pk": 36, "fields": {"link": "3m-1100-foam-earplug-uncorded_0.png"}}, {"model": "products.image", "pk": 37, "fields": {"link": "3m-1110-foam-earplug-corded_0.png"}}, {"model": "products.image", "pk": 38, "fields": {"link": "3m-310-1001_0.png"}}, {"model": "products.image", "pk": 39, "fields": {"link": "3m-lite-com-ii_0.png"}}, {"model": "products.image", "pk": 40, "fields": {"link": "3m-peltor-h7-bfpe3-series_0.png"}}, {"model": "products.image", "pk": 41, "fields": {"link": "honeywell-bw-clip-single-gas_0.png"}}, {"model": "products.image", "pk": 42, "fields": {"link": "honeywell-bw-max-xt-ii_0.png"}}, {"model": "products.image", "pk": 43, "fields": {"link": "honeywell-bw-micro-clip-xl_0.png"}}, {"model": "products.image", "pk": 44, "fields": {"link": "honeywell-bw-quattro_0.png"}}, {"model": "products.image", "pk": 45, "fields": {"link": "honeywell-bw-micro-clip-xt_0.png"}}, {"model": "products.image", "pk": 46, "fields": {"link": "canasafe-caplite_0.png"}}, {"model": "products.image", "pk": 47, "fields": {"link": "canasafe-pocket-lite_0.png"}}, {"model": "products.image", "pk": 48, "fields": {"link": "portwest-berlin-executive-vest_0.png"}}, {"model": "products.image", "pk": 49, "fields": {"link": "eurosafe-leather-welding-leg-g_0.png"}}, {"model": "products.image", "pk": 50, "fields": {"link": "3m-334-anti-fog_0.png"}}, {"model": "products.image", "pk": 51, "fields": {"link": "3m-linte-cinza-grey_0.png"}}, {"model": "products.image", "pk": 52, "fields": {"link": "canasafe-latch-201_0.png"}}, {"model": "products.image", "pk": 53, "fields": {"link": "canasafe-latch-101_0.png"}}, {"model": "products.image", "pk": 54, "fields": {"link": "canasafe-pascal-16_0.png"}}, {"model": "products.image", "pk": 55, "fields": {"link": "canasafe-pascal-9_0.png"}}, {"model": "products.image", "pk": 56, "fields": {"link": "canasafe-cover-x_0.png"}}, {"model": "products.image", "pk": 57, "fields": {"link": "3m-h700v-vented_0.png"}}, {"model": "products.image", "pk": 58, "fields": {"link": "30Banner.png"}}, {"model": "products.image", "pk": 59, "fields": {"link": "31Banner.png"}}, {"model": "products.image", "pk": 60, "fields": {"link": "3m-peltor-h7-bfpe3-series-2_0.png"}}, {"model": "products.image", "pk": 61, "fields": {"link": "3mtm-protective-coverall-4520_0.png"}}, {"model": "products.image", "pk": 62, "fields": {"link": "3m-full-brim-hard-hat-h-802r-4_0.png"}}, {"model": "products.image", "pk": 63, "fields": {"link": "3m-aura-9332-valved-particulat_0.png"}}, {"model": "products.image", "pk": 64, "fields": {"link": "3m-aura-9312-ffp1-particulate_0.png"}}, {"model": "products.image", "pk": 65, "fields": {"link": "3m-9010v-particulate-respirato_0.png"}}, {"model": "products.image", "pk": 66, "fields": {"link": "3mtm-6001-organic-vapor-perfor_0.png"}}, {"model": "products.image", "pk": 67, "fields": {"link": "3mtm-ammonia-methylamine-cartr_0.png"}}, {"model": "products.image", "pk": 68, "fields": {"link": "eurosafe-twill-cotton-ultralit_0.png"}}, {"model": "products.image", "pk": 69, "fields": {"link": "3mtm-particulate-welding-respi_0.png"}}, {"model": "products.image", "pk": 70, "fields": {"link": "3mtm-speedglas-9100-fx-welding_0.png"}}, {"model": "products.image", "pk": 71, "fields": {"link": "eurosafe-leather-welding-apron_0.png"}}, {"model": "products.image", "pk": 72, "fields": {"link": "100-cotton-coverall-w-reflecti_0.png"}}, {"model": "products.image", "pk": 73, "fields": {"link": "bullard-ltxrd_0.png"}}, {"model": "products.image", "pk": 74, "fields": {"link": "bulldozer-fireman-suit_0.png"}}, {"model": "products.image", "pk": 75, "fields": {"link": "absolute-extreme-light-mid-cut_0.png"}}, {"model": "products.image", "pk": 76, "fields": {"link": "alice-s3-src-womens-shoes-prod_0.png"}}, {"model": "products.datasheet", "pk": 1, "fields": {"link": "ActivArmr_59-416.pdf"}}, {"model": "products.datasheet", "pk": 2, "fields": {"link": "ActivArmr_80-100.pdf"}}, {"model": "products.datasheet", "pk": 3, "fields": {"link": "ActivArmr_80-400.pdf"}}, {"model": "products.datasheet", "pk": 4, "fields": {"link": "ACTIVARMR_97-200.pdf"}}, {"model": "products.datasheet", "pk": 5, "fields": {"link": "ActivArmr«_43-217.pdf"}}, {"model": "products.datasheet", "pk": 6, "fields": {"link": "3M_Full_Brim_Hard_Hat_H-803R.pdf"}}, {"model": "products.datasheet", "pk": 7, "fields": {"link": "3M_Full_Brim_Hard_Hat_H-801R.pdf"}}, {"model": "products.datasheet", "pk": 8, "fields": {"link": "3M_G3000_(Non_Vented).pdf"}}, {"model": "products.datasheet", "pk": 9, "fields": {"link": "3M_G3000_(Vented).pdf"}}, {"model": "products.datasheet", "pk": 10, "fields": {"link": "3M_1100_Foam_Earplug_û_Uncorded.pdf"}}, {"model": "products.datasheet", "pk": 11, "fields": {"link": "3M_1110_Foam_Earplug_û_Corded.pdf"}}, {"model": "products.datasheet", "pk": 12, "fields": {"link": "3M_310-1001.pdf"}}, {"model": "products.datasheet", "pk": 13, "fields": {"link": "3M_Lite_Com_II.pdf"}}, {"model": "products.datasheet", "pk": 14, "fields": {"link": "3M_Peltor_H7_BFPE3_Series.pdf"}}, {"model": "products.datasheet", "pk": 15, "fields": {"link": "Honeywell_BW_Clip_Single_Gas_Detector.pdf"}}, {"model": "products.datasheet", "pk": 16, "fields": {"link": "Honeywell_BW_Clip_Single_Gas.pdf"}}, {"model": "products.datasheet", "pk": 17, "fields": {"link": "Honeywell_BW_MAX_XT_II.pdf"}}, {"model": "products.datasheet", "pk": 18, "fields": {"link": "Honeywell_BW_Micro_Clip_XL.pdf"}}, {"model": "products.datasheet", "pk": 19, "fields": {"link": "Honeywell_BW_Quattro.pdf"}}, {"model": "products.datasheet", "pk": 20, "fields": {"link": "Honeywell_BW_Micro_Clip_XT.pdf"}}, {"model": "products.datasheet", "pk": 21, "fields": {"link": "3MÖ_6001_Organic_Vapor_Performance_Cartridge.pdf"}}, {"model": "products.datasheet", "pk": 22, "fields": {"link": "3M_6001_Organic_Vapor_Performance_Cartridge.pdf"}}, {"model": "products.datasheet", "pk": 23, "fields": {"link": "3MÖ_Ammonia_Methylamine_Cartridge_6004.pdf"}}, {"model": "products.datasheet", "pk": 24, "fields": {"link": "Canasafe_Caplite.pdf"}}, {"model": "products.datasheet", "pk": 25, "fields": {"link": "CANASAFE_Pocket_Lite.pdf"}}, {"model": "products.datasheet", "pk": 26, "fields": {"link": "Portwest_Berlin_Executive_Vest_S476.pdf"}}, {"model": "products.datasheet", "pk": 27, "fields": {"link": "3MÖ_Speedglas_9100_Fx_Welding_Helmet.pdf"}}, {"model": "products.datasheet", "pk": 28, "fields": {"link": "Eurosafe_Leather_Welding_Apron_With_Piping.pdf"}}, {"model": "products.datasheet", "pk": 29, "fields": {"link": "Eurosafe_Leather_Welding_Leg_Guard.pdf"}}, {"model": "products.datasheet", "pk": 30, "fields": {"link": "3M_334_Anti_Fog.pdf"}}, {"model": "products.datasheet", "pk": 31, "fields": {"link": "3M_Linte_Cinza_Grey.pdf"}}, {"model": "products.datasheet", "pk": 32, "fields": {"link": "Canasafe_LaTCH_201.pdf"}}, {"model": "products.datasheet", "pk": 33, "fields": {"link": "Canasafe_LaTCH_101.pdf"}}, {"model": "products.datasheet", "pk": 34, "fields": {"link": "Bullard_LTXRD.pdf"}}, {"model": "products.datasheet", "pk": 35, "fields": {"link": "Bullard_LTXRD.pdf"}}, {"model": "products.datasheet", "pk": 36, "fields": {"link": "BullDozer_Fireman_Suit.pdf"}}, {"model": "products.datasheet", "pk": 37, "fields": {"link": "CANASAFE_PASCAL_16.pdf"}}, {"model": "products.datasheet", "pk": 38, "fields": {"link": "CANASAFE_PASCAL_9.pdf"}}, {"model": "products.datasheet", "pk": 39, "fields": {"link": "CANASAFE_COVER-X.pdf"}}, {"model": "products.datasheet", "pk": 40, "fields": {"link": "3M_H700V_(Vented).pdf"}}, {"model": "products.datasheet", "pk": 41, "fields": {"link": "3m-full-brim-hard-hat-h-802r-4.pdf"}}, {"model": "products.datasheet", "pk": 42, "fields": {"link": "3m-full-brim-hard-hat-h-802r-4.pdf"}}, {"model": "products.datasheet", "pk": 43, "fields": {"link": "3m-peltor-h7-bfpe3-series.pdf"}}, {"model": "products.datasheet", "pk": 44, "fields": {"link": "3m-9010v-particulate-respirato.pdf"}}, {"model": "products.datasheet", "pk": 45, "fields": {"link": "3m-aura-9312-ffp1-particulate-.pdf"}}, {"model": "products.datasheet", "pk": 46, "fields": {"link": "3mtm-protective-coverall-4520.pdf"}}, {"model": "products.datasheet", "pk": 47, "fields": {"link": "100-cotton-coverall-w-reflecti.pdf"}}, {"model": "products.datasheet", "pk": 48, "fields": {"link": "3m-full-brim-hard-hat-h-802r-4.pdf"}}, {"model": "products.datasheet", "pk": 49, "fields": {"link": "3m-aura-9332-valved-particulat.pdf"}}, {"model": "products.datasheet", "pk": 50, "fields": {"link": "3m-aura-9312-ffp1-particulate-.pdf"}}, {"model": "products.datasheet", "pk": 51, "fields": {"link": "3m-9010v-particulate-respirato.pdf"}}, {"model": "products.datasheet", "pk": 52, "fields": {"link": "3mtm-6001-organic-vapor-perfor.pdf"}}, {"model": "products.datasheet", "pk": 53, "fields": {"link": "3mtm-ammonia-methylamine-cartr.pdf"}}, {"model": "products.datasheet", "pk": 54, "fields": {"link": "eurosafe-twill-cotton-ultralit.pdf"}}, {"model": "products.datasheet", "pk": 55, "fields": {"link": "3mtm-particulate-welding-respi.pdf"}}, {"model": "products.datasheet", "pk": 56, "fields": {"link": "3mtm-speedglas-9100-fx-welding.pdf"}}, {"model": "products.datasheet", "pk": 57, "fields": {"link": "eurosafe-leather-welding-apron.pdf"}}, {"model": "products.datasheet", "pk": 58, "fields": {"link": "100-cotton-coverall-w-reflecti.pdf"}}, {"model": "products.datasheet", "pk": 59, "fields": {"link": "bullard-ltxrd.pdf"}}, {"model": "products.datasheet", "pk": 60, "fields": {"link": "bulldozer-fireman-suit.pdf"}}, {"model": "products.datasheet", "pk": 61, "fields": {"link": "absolute-extreme-light-mid-cut.pdf"}}, {"model": "products.datasheet", "pk": 62, "fields": {"link": "alice-s3-src-womens-shoes-prod.pdf"}}, {"model": "products.brand", "pk": 1, "fields": {"slug": "activarmr", "name": "ActivArmr", "img": 14}}, {"model": "products.brand", "pk": 2, "fields": {"slug": "3m", "name": "3M", "img": 15}}, {"model": "products.brand", "pk": 3, "fields": {"slug": "honeywell", "name": "Honeywell", "img": 16}}, {"model": "products.brand", "pk": 4, "fields": {"slug": "canasafe", "name": "CanaSafe", "img": 17}}, {"model": "products.brand", "pk": 5, "fields": {"slug": "eurosafe", "name": "Eurosafe", "img": 18}}, {"model": "products.brand", "pk": 6, "fields": {"slug": "portwest", "name": "Portwest", "img": 19}}, {"model": "products.brand", "pk": 7, "fields": {"slug": "bullard", "name": "Bullard", "img": 20}}, {"model": "products.brand", "pk": 8, "fields": {"slug": "bulldozer", "name": "BullDozer", "img": 21}}, {"model": "products.brand", "pk": 9, "fields": {"slug": "safety-jogger", "name": "Safety Jogger", "img": 22}}, {"model": "products.brand", "pk": 10, "fields": {"slug": "cofra", "name": "Cofra", "img": 23}}, {"model": "products.brand", "pk": 11, "fields": {"slug": "ansell", "name": "Ansell", "img": 24}}, {"model": "products.brand", "pk": 12, "fields": {"slug": "refrigiwear", "name": "RefrigiWear", "img": 25}}, {"model": "products.brand", "pk": 13, "fields": {"slug": "bolle-safety", "name": "Bolle Safety", "img": 26}}, {"model": "products.category", "pk": 1, "fields": {"name": "Body Protection", "img": 1}}, {"model": "products.category", "pk": 2, "fields": {"name": "Eye Protection", "img": 2}}, {"model": "products.category", "pk": 3, "fields": {"name": "Fall Protection", "img": 3}}, {"model": "products.category", "pk": 4, "fields": {"name": "Fire Protection", "img": 4}}, {"model": "products.category", "pk": 5, "fields": {"name": "First Aid Solutions", "img": 5}}, {"model": "products.category", "pk": 6, "fields": {"name": "Foot Protection", "img": 6}}, {"model": "products.category", "pk": 7, "fields": {"name": "Hand Protection", "img": 7}}, {"model": "products.category", "pk": 8, "fields": {"name": "Head Protection", "img": 8}}, {"model": "products.category", "pk": 9, "fields": {"name": "Hearing Protection", "img": 9}}, {"model": "products.category", "pk": 10, "fields": {"name": "Meters and Detectors", "img": 10}}, {"model": "products.category", "pk": 11, "fields": {"name": "Respiratory Protection", "img": 11}}, {"model": "products.category", "pk": 12, "fields": {"name": "Road and Safety", "img": 12}}, {"model": "products.category", "pk": 13, "fields": {"name": "Welding Protection", "img": 13}}, {"model": "products.product", "pk": 1, "fields": {"slug": "activarmr-59-416", "brand": 1, "features": "û Heat and cut resistant protective sleeves for welders  \r\nû Protection from high heat and flying molten particles and sparks\r\nû Lightweight and breathable due to the internal cotton layer", "name": "ActivArmr 59-416", "category": 7, "quantity": 20, "top_featured": true, "datasheet": 1}}, {"model": "products.product", "pk": 2, "fields": {"slug": "activarmr-80-100", "brand": 1, "features": "û Designed for use in a wide range of handling and carrying applications\r\nû It stands up to wear and cuts and offers plenty of comforts\r\nû The automatic knitted liner delivers an optimally tensioned inner surface for superb fit and flexibility\"", "name": "ActivArmr 80-100", "category": 7, "quantity": 20, "top_featured": false, "datasheet": 2}}, {"model": "products.product", "pk": 3, "fields": {"slug": "activarmr-80-400", "brand": 1, "features": "\"û High visibility with seamless yellow thermal terry liner\r\nû Bright blue crinkled palm provides added wet and dry grip\r\nû Insulated glove for use in cold temperatures\"", "name": "ActivArmr 80-400", "category": 7, "quantity": 20, "top_featured": false, "datasheet": 3}}, {"model": "products.product", "pk": 4, "fields": {"slug": "activarmr-97-200", "brand": 1, "features": "\"û Unique fiber blend and digital goatskin leather for up to twelve hours of stress-free comfort\r\nû Allows for optimal dexterity during intricate tasks\r\nû Proprietary bumper formulation for a flame resistance solution to prevent injuries\"", "name": "ACTIVARMR 97-200", "category": 7, "quantity": 20, "top_featured": false, "datasheet": 4}}, {"model": "products.product", "pk": 5, "fields": {"slug": "activarmr-43-217", "brand": 1, "features": "\"û Suitable for TIG welding, as well as grinding, brazing, metal fabrication, and maintenance û Provides protection from heat, flames, sparks, and weld spatter\r\nû 3-dimensional thumb design greatly increases fine dexterity for precise welding control\r\nû Premium full-grain goatskin and welted seams with para-aramid thread ensure durability\"", "name": "ActivArmr« 43-217", "category": 7, "quantity": 20, "top_featured": false, "datasheet": 5}}, {"model": "products.product", "pk": 6, "fields": {"slug": "3m-full-brim-hard-hat-h-803r", "brand": 2, "features": "\"û Impact resistant, ANSI Type I hard hat wears lightweight and comfortable on the head.\r\nû Comfortable suspension sits lower on head to reduce pressure points.\r\nû 4-point ratchet suspension with three position height adjustment allows for customized fit.\"", "name": "3M Full Brim Hard Hat H-803R", "category": 8, "quantity": 20, "top_featured": true, "datasheet": 6}}, {"model": "products.product", "pk": 7, "fields": {"slug": "3m-full-brim-hard-hat-h-801r", "brand": 2, "features": "\"û Impact resistant, ANSI Type I hard hat wears lightweight and comfortable on the head.\r\nû Comfortable suspension sits lower on head to reduce pressure points.\r\nû 4-point ratchet suspension with three position height adjustment allows for customized fit.\"", "name": "3M Full Brim Hard Hat H-801R", "category": 8, "quantity": 20, "top_featured": false, "datasheet": 7}}, {"model": "products.product", "pk": 8, "fields": {"slug": "3m-g3000-non-vented", "brand": 2, "features": "\"û Softly rounded design, which helps to avoid helmet parts snagging on branches, etc.\r\nû Head harness can be rotated 180░ for better visibility when working in confined spaces\r\nû Short peak gives improved upwards visibility\"", "name": "3M G3000 (Non Vented)", "category": 8, "quantity": 20, "top_featured": true, "datasheet": 8}}, {"model": "products.product", "pk": 9, "fields": {"slug": "3m-g3000-vented", "brand": 2, "features": "\"û A hard hat designed for use in harsh environments, with excellent ventilation and a good field of vision\r\nû 3MÖ UvicatorÖ sensor disc tells you when your hard hat has been over-exposed to UV- radiation and its time to replace it\"", "name": "3M G3000 (Vented)", "category": 8, "quantity": 20, "top_featured": false, "datasheet": 9}}, {"model": "products.product", "pk": 10, "fields": {"slug": "3m-1100-foam-earplug-uncorded", "brand": 2, "features": "\"û Smooth, dirt-resistant surface provides better hygiene\r\nû Earplugs are easy to roll down for quick and easy fitting\r\nû The tapered design fits comfortably in ear canals\"", "name": "3M 1100 Foam Earplug û Uncorded", "category": 9, "quantity": 20, "top_featured": false, "datasheet": 10}}, {"model": "products.product", "pk": 11, "fields": {"slug": "3m-1110-foam-earplug-corded", "brand": 2, "features": "\"û Smooth, dirt resistant surface provides better hygiene\r\nû Earplugs are easy to roll down for quick and easy fitting\r\nû Tapered design fits comfortably in earcanals\"", "name": "3M 1110 Foam Earplug û Corded", "category": 9, "quantity": 20, "top_featured": true, "datasheet": 11}}, {"model": "products.product", "pk": 12, "fields": {"slug": "3m-310-1001", "brand": 2, "features": "\"û Standard: ANSI S3.19 û 1974\r\nû Slow recovery earplug foam is non-irritating, flameòreslstant 6. moisture-resistant\r\nû Bright yellow color provides a quick visual compliance\"", "name": "3M 310-1001", "category": 9, "quantity": 20, "top_featured": true, "datasheet": 12}}, {"model": "products.product", "pk": 13, "fields": {"slug": "3m-lite-com-ii", "brand": 2, "features": "\"û Rechargeable lithium-ion battery included\r\nû FCC Narrowband mandate compliant\r\nû Environmental microphones on each earcup offer level-dependent functions for situational awarenes\"", "name": "3M Lite Com II", "category": 9, "quantity": 20, "top_featured": false, "datasheet": 13}}, {"model": "products.product", "pk": 14, "fields": {"slug": "3m-peltor-h7-bfpe3-series", "brand": 2, "features": "\"û Standard: AS/NZS 1270:2002, AS/NZS 1269.3:2005 Class 5\r\nû Modem. stylish slim line cup design\r\nû liquid sealing rings for improved comfort\"", "name": "3M Peltor H7 BFPE3 Series", "category": 9, "quantity": 20, "top_featured": false, "datasheet": 14}}, {"model": "products.product", "pk": 15, "fields": {"slug": "honeywell-bw-clip-single-gas", "brand": 3, "features": "\"Honeywell BW Clip Single Gas Detectorû Maintenance-free: no sensor or battery changes are necessary\r\nû Compact, lightweight design with one-button operation\r\nû Designed for a range of harsh environments and extreme temperatures\"", "name": "Honeywell BW Clip Single Gas", "category": 10, "quantity": 20, "top_featured": true, "datasheet": 16}}, {"model": "products.product", "pk": 16, "fields": {"slug": "honeywell-bw-max-xt-ii", "brand": 3, "features": "\"ò Size: 5.1 x 2.8 x 2.0 in. / 13.1 x 7.0 x 5.2 cm\r\nò Weight: 11.5 oz. / 328 g\r\nò Temperature: -4 to 122░F / -20 to 50░C\"", "name": "Honeywell BW MAX XT II", "category": 10, "quantity": 20, "top_featured": false, "datasheet": 17}}, {"model": "products.product", "pk": 17, "fields": {"slug": "honeywell-bw-micro-clip-xl", "brand": 3, "features": "\"Honeywell BW Micro Clip XLû Honeywell BWTM Micro-Clip XL for standard operation with 2-year warranty\r\nû Guaranteed to run an entire shift ù even at -4░F (-20░C)\r\nû NEW! IP68 rating ù unmatched water protection\r\nû Compact, lightweight and easy to use ù with one-button operation and no extensive training û Device management with Honeywell Safety Suite.\"", "name": "Honeywell BW Micro Clip XL", "category": 10, "quantity": 20, "top_featured": false, "datasheet": 18}}, {"model": "products.product", "pk": 18, "fields": {"slug": "honeywell-bw-quattro", "brand": 3, "features": "\"û Compact and lightweight design makes it comfortable to wear\r\n\r\nû Simple one-button operation for ease of use û Compatible with MicroDock II\r\nû Size: 5.1 x 3.2 x 1.9 in. / 13.0 x 8.1 x 4.7 cm\r\nû Temperature: -4 to +122░F / -20 to +50░C\r\n\r\nû Enhanced resistance to common industrial cross sensitive gases such as methanol and\r\n\r\nethanol (CO and H2S sensors)\"", "name": "Honeywell BW Quattro", "category": 10, "quantity": 20, "top_featured": true, "datasheet": 19}}, {"model": "products.product", "pk": 19, "fields": {"slug": "honeywell-bw-micro-clip-xt", "brand": 3, "features": "\"Continuous LCD shows real-time gas concentrations\r\nCompact and lightweight design makes it comfortable to wear\r\nWater-resistant\r\nSimple automatic calibration procedure; compatible with\r\nBW MicroDock II automatic test and calibration station\r\nFull function self-test of sensor, battery status, circuit integrity\r\nand audible/visual alarms on start up\r\nBright wide-angled visual alarm bars\r\nBuilt-in concussion-proof boo\"", "name": "Honeywell BW Micro Clip XT", "category": 10, "quantity": 20, "top_featured": true, "datasheet": 20}}, {"model": "products.product", "pk": 20, "fields": {"slug": "canasafe-caplite", "brand": 4, "features": "\"û 180 wide beam\r\nû 3 watts LED\r\nû 200 lumens\"", "name": "Canasafe Caplite", "category": 12, "quantity": 20, "top_featured": true, "datasheet": 24}}, {"model": "products.product", "pk": 21, "fields": {"slug": "canasafe-pocket-lite", "brand": 4, "features": "\"û Durable Aluminum Construction û Blue/Red Color\r\nû LED 220 Lumens\r\nû Round magnetic base\"", "name": "CANASAFE Pocket Lite", "category": 12, "quantity": 20, "top_featured": false, "datasheet": 25}}, {"model": "products.product", "pk": 22, "fields": {"slug": "portwest-berlin-executive-vest", "brand": 6, "features": "\"û Reflective tape for increased visibility û Front zip opening for easy access\r\nû Two lower patch pockets\r\nû Phone and pen holder pocket\"", "name": "Portwest Berlin Executive Vest S476", "category": 12, "quantity": 20, "top_featured": false, "datasheet": 26}}, {"model": "products.product", "pk": 23, "fields": {"slug": "eurosafe-leather-welding-leg-g", "brand": 5, "features": "\"û Standard: EN 388 CE CAT 1\r\nû Made of Split Leather\r\nû Heavy Duty Sewing\"", "name": "Eurosafe Leather Welding Leg Guard", "category": 13, "quantity": 20, "top_featured": true, "datasheet": 29}}, {"model": "products.product", "pk": 24, "fields": {"slug": "3m-334-anti-fog", "brand": 2, "features": "\"û Economical goggles often indirect venting and anti-fog Coating for reduced fogging\r\nû Sturdy polycarbonate lens\r\nû Wide opening to fit over prescription eyewear\"", "name": "3M 334 Anti Fog", "category": 2, "quantity": 20, "top_featured": true, "datasheet": 30}}, {"model": "products.product", "pk": 25, "fields": {"slug": "3m-linte-cinza-grey", "brand": 2, "features": "\"û Integrated Nose Bridge.\r\nû Highly Flexible Single Lens Design.\r\nû Light Weight.\"", "name": "3M Linte Cinza Grey", "category": 2, "quantity": 20, "top_featured": false, "datasheet": 31}}, {"model": "products.product", "pk": 26, "fields": {"slug": "canasafe-latch-201", "brand": 4, "features": "\"û Full body harness with one back fall arrest attachment point (dorsal and sternal) and a work positioning belt with 2 equivalent symmetrical lateral attachment points. Dorsal attachment by metallic buckle\r\nû Chest Strap Adjustment / Connector Clip\r\nû Quick-Connect Shoulder Strap Adjustment Buckle\r\nû Quick-Connect Thigh Strap Adjustment Buckle\r\nû Sliding Back D-Ring for Attaching Fall Arrest Component û EN 361\r\nû Made in EU\"", "name": "Canasafe LaTCH 201", "category": 3, "quantity": 20, "top_featured": true, "datasheet": 32}}, {"model": "products.product", "pk": 27, "fields": {"slug": "canasafe-latch-101", "brand": 4, "features": "\"û Full body harness including one back fall arrest attached point by metallic buckle\r\nû Chest Strap Adjustment / Connector Clip- Tapered design fits comfortably in ear canals û Quick-Connect Shoulder Strap Adjustment Buckle\r\nû Quick-Connect Thigh Strap Adjustment Buckle\r\nû Sliding Back D-Ring for Attaching Fall Arrest Component\r\nû EN 361\r\nû Made in EU\"", "name": "Canasafe LaTCH 101", "category": 3, "quantity": 25, "top_featured": false, "datasheet": 33}}, {"model": "products.product", "pk": 28, "fields": {"slug": "canasafe-pascal-16", "brand": 4, "features": "\"û Self-contained 16-gallon gravity flow eyewash unit uses gravity to deliver water through dual spray heads\r\nû Unit delivers 1.6 liters per minute of water for fifteen minutes and complies with EN 15154-4:2009 for eyewash\"", "name": "CANASAFE PASCAL 16", "category": 5, "quantity": 20, "top_featured": true, "datasheet": 37}}, {"model": "products.product", "pk": 29, "fields": {"slug": "canasafe-pascal-9", "brand": 4, "features": "\"û Unit is completely assembled and water tested prior to shipment\r\nû N.W 4.7 kg, 39kg full>\r\nû STANDARD: ANSI Z358.1-2014 and EN 15154-4:2009\"", "name": "CANASAFE PASCAL 9", "category": 5, "quantity": 25, "top_featured": true, "datasheet": 38}}, {"model": "products.product", "pk": 30, "fields": {"slug": "canasafe-cover-x", "brand": 4, "features": "\"û Brow shield for extra protection\r\nû Lightweight design\r\nû Pantoscopic & length adjustment\"", "name": "CANASAFE COVER-X", "category": 2, "quantity": 20, "top_featured": true, "datasheet": 39}}, {"model": "products.product", "pk": 31, "fields": {"slug": "3m-h700v-vented", "brand": 2, "features": "\"û A hard hat designed for use in harsh environments, with excellent ventilation and a good field of vision\r\nû 3MÖ UvicatorÖ sensor disc tells you when your hard hat has been over-exposed to UV- radiation and its time to replace it\"", "name": "3M H700V (Vented)", "category": 8, "quantity": 20, "top_featured": true, "datasheet": 40}}, {"model": "products.product", "pk": 32, "fields": {"slug": "3m-peltor-h7-bfpe3-series-2", "brand": 2, "features": "\"û Standard: AS/NZS 1270:2002, AS/NZS 1269.3:2005 Class 5\r\nû Modem. stylish slim line cup design\r\nû liquid sealing rings for improved comfort\"", "name": "3M Peltor H7 B/F/PE3 Series", "category": 9, "quantity": 20, "top_featured": false, "datasheet": 43}}, {"model": "products.product", "pk": 33, "fields": {"slug": "3mtm-protective-coverall-4520", "brand": 2, "features": "\"3M\r\n4520 Series\"", "name": "3MÖ Protective Coverall 4520", "category": 1, "quantity": 20, "top_featured": false, "datasheet": 46}}, {"model": "products.product", "pk": 34, "fields": {"slug": "3m-full-brim-hard-hat-h-802r-4", "brand": 2, "features": "\"û Impact resistant, ANSI Type I hard hat wears lightweight and comfortable on the head.\r\nû Comfortable suspension sits lower on head to reduce pressure points.\r\nû 4-point ratchet suspension with three position height adjustment allows for customized fit.\"", "name": "3M Full Brim Hard Hat H-802R, 4-Point Ratchet Suspension", "category": 8, "quantity": 20, "top_featured": false, "datasheet": 48}}, {"model": "products.product", "pk": 35, "fields": {"slug": "3m-aura-9332-valved-particulat", "brand": 2, "features": "\"10 x individually sealed disposable FFP3 face masks.\r\nThe 3-panel design allows for greater facial movement.\r\nLow-resistance filter technology helps you breathe more easily.\"", "name": "3M AURA 9332+ VALVED PARTICULATE RESPIRATOR FFP3 NR D û 10 MASKS", "category": 11, "quantity": 20, "top_featured": false, "datasheet": 49}}, {"model": "products.product", "pk": 36, "fields": {"slug": "3m-aura-9312-ffp1-particulate", "brand": 2, "features": "\"Low-resistance filter technology helps you breathe more easily\r\nSculpted upper panel helps conform to the nose and contours of the face for an effective seal\r\n3MÖ Cool FlowÖ Valve helps reduce heat build-up in hot and humid conditions\"", "name": "3M Aura 9312 FFP1 particulate respirator face mask with filter", "category": 11, "quantity": 20, "top_featured": false, "datasheet": 50}}, {"model": "products.product", "pk": 37, "fields": {"slug": "3m-9010v-particulate-respirato", "brand": 2, "features": "\"Vertical flat fold design.\r\nFor non-oil-based particles.\r\nAn adjustable nose clip helps provide a custom fit and secure seal.\"", "name": "3M 9010V Particulate Respirator/Dust Mask-N95 With Valve", "category": 11, "quantity": 20, "top_featured": false, "datasheet": 51}}, {"model": "products.product", "pk": 38, "fields": {"slug": "3mtm-6001-organic-vapor-perfor", "brand": 2, "features": "\"NIOSH-APPROVED for use against certain organic vapors.\r\nFOR WORKPLACE/OCCUPATIONAL USE ONLY.\r\nEASY-TO-ATTACH DESIGN.\"", "name": "3MÖ 6001 Organic Vapor Performance Cartridge", "category": 11, "quantity": 20, "top_featured": false, "datasheet": 52}}, {"model": "products.product", "pk": 39, "fields": {"slug": "3mtm-ammonia-methylamine-cartr", "brand": 2, "features": "\"When properly fitted, use in a variety of applications such as grinding, sanding and welding for concentrations up to 10 times the Permissible Exposure Limit (PEL) with half facepieces or 50 times PEL with full facepieces.\r\nFull facepieces must be quantitatively fit tested to claim assigned protection factor above 10 in negative pressure mode.\r\nDo not use in environments that are immediately dangerous to life or health (IDLH).\"", "name": "3MÖ Ammonia Methylamine Cartridge 6004", "category": 11, "quantity": 20, "top_featured": false, "datasheet": 53}}, {"model": "products.product", "pk": 40, "fields": {"slug": "eurosafe-twill-cotton-ultralit", "brand": 5, "features": "\"100% Twill Cotton\r\nWeight: 195 gsm\r\nMercerized, sanforized & Pre-shrunk\"", "name": "Eurosafe Twill Cotton Ultralite Coverall and Suit", "category": 12, "quantity": 20, "top_featured": false, "datasheet": 54}}, {"model": "products.product", "pk": 41, "fields": {"slug": "3mtm-particulate-welding-respi", "brand": 2, "features": "\"Economical option for welders.\r\nFeatures the 3MÖ Cool FlowÖ Valve.\r\nFlame resistant per modified ASTM D2859 (not a substitute for a face shield.\"", "name": "3MÖ Particulate Welding Respirator 8515/07189(AAD), N95, 80 EA/Case", "category": 13, "quantity": 20, "top_featured": false, "datasheet": 55}}, {"model": "products.product", "pk": 42, "fields": {"slug": "3mtm-speedglas-9100-fx-welding", "brand": 2, "features": "\"3MÖ Speedglas 9100 Fx Welding Helmetû Speedglas 9100X auto-darkening filter (dark shades 5, 8-13)\r\nû Shade 5 SideWindows increase peripheral view\r\nû Aerodynamic exhaust vent technology\"", "name": "3MÖ Speedglas 9100 Fx Welding Helmet", "category": 13, "quantity": 20, "top_featured": false, "datasheet": 56}}, {"model": "products.product", "pk": 43, "fields": {"slug": "eurosafe-leather-welding-apron", "brand": 5, "features": "\"û Made of split leather\r\nû Used in welding industries\r\nû Protection against sparks & splatters\"", "name": "Eurosafe Leather Welding Apron With Piping", "category": 13, "quantity": 20, "top_featured": false, "datasheet": 57}}, {"model": "products.product", "pk": 44, "fields": {"slug": "100-cotton-coverall-w-reflecti", "brand": 2, "features": "\"û 2-cross chest pockets with plastic zipper\r\nû 2-side cross trouser pockets\r\nû 2-back hip pockets one with flap cover & velcro closure û 1-toll/pen pocket on the left sleeve\"", "name": "100% Cotton Coverall w/ Reflective tapes", "category": 1, "quantity": 20, "top_featured": false, "datasheet": 58}}, {"model": "products.product", "pk": 45, "fields": {"slug": "bullard-ltxrd", "brand": 7, "features": "\"û M-Pact Shell -SmartRidge design\r\nû High Heat thermoplastic outer shell\r\nû Hard coated high heat thermoplastic material face shield- meets ANSI Z87.1-2003 standard for eye and face protection\r\nû Comfortable Sure-Lock ratchet headband\r\nû Balanced 4-point nylon crown straps and crown pad\r\nû Nomex chinstrap with quick-release buckle comfortable and fire resistant/postman slide\r\nû Black Rip stop Nomex Ear/Neck Protector\r\nû Leather Ratchet Cover\r\nû Removable Fire resistant, absorbent cotton brow pad\r\nû Quick Attach Face shield\r\nû Certified to NFPA 1971, 2007 standard\"", "name": "Bullard LTXRD", "category": 4, "quantity": 20, "top_featured": false, "datasheet": 59}}, {"model": "products.product", "pk": 46, "fields": {"slug": "bulldozer-fireman-suit", "brand": 8, "features": "\"û Bulldozer Fireman Suit û comfortable and advance fire fighter suits\r\nû Clothing -consist of Jacket and Trouser with insulation layer with retro reflective trims.\r\nû Cotton Fabric 100% û DI 150/2/0N assigned for protective fireman clothing, non inflammable\r\n\r\nfinish (Pyrpvctex)\r\nû Water Proof, oil proof and surface mass 270gsm\r\nû fabric made in CIBA- GEIGY technology\r\nû ISO 9001 and ISO 14001 Quality certificates\r\nû Conformance: EN 469 after 5 washings including penetration tests\r\nû EC marking made on the inside inner line of Jacket and upper part of back trousers\r\nû Sizes:(48-Medium),(50-Large)(52-Large),(54-XLarge), (56-XLarge), (60-2XLarge) , (62-3XLarge)\"", "name": "BullDozer Fireman Suit", "category": 4, "quantity": 20, "top_featured": true, "datasheet": 60}}, {"model": "products.product", "pk": 47, "fields": {"slug": "absolute-extreme-light-mid-cut", "brand": 9, "features": "\"û Toecap = Nano carbon\r\nû Midsole = Puncture resistant lightweight û Lining = Breathable techno mesh\r\nû Insole = Ergonomic breathable SJ hybrid û Upper = Microtech + mesh\"", "name": "Absolute û Extreme light mid-cut ESD safety shoe", "category": 6, "quantity": 20, "top_featured": false, "datasheet": 61}}, {"model": "products.product", "pk": 48, "fields": {"slug": "alice-s3-src-womens-shoes-prod", "brand": 10, "features": "\"û STANDARD: EN ISO 20345:2011\r\nû UPPER: water-repellent nubuck\r\nû INTERNAL LINING: SANY-DRY« 100% polyester fabric, three-dimensional, breathable, it absorbs and releases moisture, abrasion resistant.\"", "name": "ALICE S3 SRC û WOMENÆS û Shoes û Products û COFRA", "category": 6, "quantity": 20, "top_featured": true, "datasheet": 62}}, {"model": "products.banner", "pk": 1, "fields": {"product": 30, "img": 58}}, {"model": "products.banner", "pk": 2, "fields": {"product": 31, "img": 59}}, {"model": "products.productimage", "pk": 1, "fields": {"product": 1, "img": 27}}, {"model": "products.productimage", "pk": 2, "fields": {"product": 2, "img": 28}}, {"model": "products.productimage", "pk": 3, "fields": {"product": 3, "img": 29}}, {"model": "products.productimage", "pk": 4, "fields": {"product": 4, "img": 30}}, {"model": "products.productimage", "pk": 5, "fields": {"product": 5, "img": 31}}, {"model": "products.productimage", "pk": 6, "fields": {"product": 6, "img": 32}}, {"model": "products.productimage", "pk": 7, "fields": {"product": 7, "img": 33}}, {"model": "products.productimage", "pk": 8, "fields": {"product": 8, "img": 34}}, {"model": "products.productimage", "pk": 9, "fields": {"product": 9, "img": 35}}, {"model": "products.productimage", "pk": 10, "fields": {"product": 10, "img": 36}}, {"model": "products.productimage", "pk": 11, "fields": {"product": 11, "img": 37}}, {"model": "products.productimage", "pk": 12, "fields": {"product": 12, "img": 38}}, {"model": "products.productimage", "pk": 13, "fields": {"product": 13, "img": 39}}, {"model": "products.productimage", "pk": 14, "fields": {"product": 14, "img": 40}}, {"model": "products.productimage", "pk": 15, "fields": {"product": 15, "img": 41}}, {"model": "products.productimage", "pk": 16, "fields": {"product": 16, "img": 42}}, {"model": "products.productimage", "pk": 17, "fields": {"product": 17, "img": 43}}, {"model": "products.productimage", "pk": 18, "fields": {"product": 18, "img": 44}}, {"model": "products.productimage", "pk": 19, "fields": {"product": 19, "img": 45}}, {"model": "products.productimage", "pk": 20, "fields": {"product": 20, "img": 46}}, {"model": "products.productimage", "pk": 21, "fields": {"product": 21, "img": 47}}, {"model": "products.productimage", "pk": 22, "fields": {"product": 22, "img": 48}}, {"model": "products.productimage", "pk": 23, "fields": {"product": 23, "img": 49}}, {"model": "products.productimage", "pk": 24, "fields": {"product": 24, "img": 50}}, {"model": "products.productimage", "pk": 25, "fields": {"product": 25, "img": 51}}, {"model": "products.productimage", "pk": 26, "fields": {"product": 26, "img": 52}}, {"model": "products.productimage", "pk": 27, "fields": {"product": 27, "img": 53}}, {"model": "products.productimage", "pk": 28, "fields": {"product": 28, "img": 54}}, {"model": "products.productimage", "pk": 29, "fields": {"product": 29, "img": 55}}, {"model": "products.productimage", "pk": 30, "fields": {"product": 30, "img": 56}}, {"model": "products.productimage", "pk": 31, "fields": {"product": 31, "img": 57}}, {"model": "products.productimage", "pk": 32, "fields": {"product": 32, "img": 60}}, {"model": "products.productimage", "pk": 33, "fields": {"product": 33, "img": 61}}, {"model": "products.productimage", "pk": 34, "fields": {"product": 34, "img": 62}}, {"model": "products.productimage", "pk": 35, "fields": {"product": 35, "img": 63}}, {"model": "products.productimage", "pk": 36, "fields": {"product": 36, "img": 64}}, {"model": "products.productimage", "pk": 37, "fields": {"product": 37, "img": 65}}, {"model": "products.productimage", "pk": 38, "fields": {"product": 38, "img": 66}}, {"model": "products.productimage", "pk": 39, "fields": {"product": 39, "img": 67}}, {"model": "products.productimage", "pk": 40, "fields": {"product": 40, "img": 68}}, {"model": "products.productimage", "pk": 41, "fields": {"product": 41, "img": 69}}, {"model": "products.productimage", "pk": 42, "fields": {"product": 42, "img": 70}}, {"model": "products.productimage", "pk": 43, "fields": {"product": 43, "img": 71}}, {"model": "products.productimage", "pk": 44, "fields": {"product": 44, "img": 72}}, {"model": "products.productimage", "pk": 45, "fields": {"product": 45, "img": 73}}, {"model": "products.productimage", "pk": 46, "fields": {"product": 46, "img": 74}}, {"model": "products.productimage", "pk": 47, "fields": {"product": 47, "img": 75}}, {"model": "products.productimage", "pk": 48, "fields": {"product": 48, "img": 76}}, {"model": "auth.permission", "fields": {"name": "Can add log entry", "content_type": ["admin", "logentry"], "codename": "add_logentry"}}, {"model": "auth.permission", "fields": {"name": "Can change log entry", "content_type": ["admin", "logentry"], "codename": "change_logentry"}}, {"model": "auth.permission", "fields": {"name": "Can delete log entry", "content_type": ["admin", "logentry"], "codename": "delete_logentry"}}, {"model": "auth.permission", "fields": {"name": "Can view log entry", "content_type": ["admin", "logentry"], "codename": "view_logentry"}}, {"model": "auth.permission", "fields": {"name": "Can add permission", "content_type": ["auth", "permission"], "codename": "add_permission"}}, {"model": "auth.permission", "fields": {"name": "Can change permission", "content_type": ["auth", "permission"], "codename": "change_permission"}}, {"model": "auth.permission", "fields": {"name": "Can delete permission", "content_type": ["auth", "permission"], "codename": "delete_permission"}}, {"model": "auth.permission", "fields": {"name": "Can view permission", "content_type": ["auth", "permission"], "codename": "view_permission"}}, {"model": "auth.permission", "fields": {"name": "Can add group", "content_type": ["auth", "group"], "codename": "add_group"}}, {"model": "auth.permission", "fields": {"name": "Can change group", "content_type": ["auth", "group"], "codename": "change_group"}}, {"model": "auth.permission", "fields": {"name": "Can delete group", "content_type": ["auth", "group"], "codename": "delete_group"}}, {"model": "auth.permission", "fields": {"name": "Can view group", "content_type": ["auth", "group"], "codename": "view_group"}}, {"model": "auth.permission", "fields": {"name": "Can add user", "content_type": ["auth", "user"], "codename": "add_user"}}, {"model": "auth.permission", "fields": {"name": "Can change user", "content_type": ["auth", "user"], "codename": "change_user"}}, {"model": "auth.permission", "fields": {"name": "Can delete user", "content_type": ["auth", "user"], "codename": "delete_user"}}, {"model": "auth.permission", "fields": {"name": "Can view user", "content_type": ["auth", "user"], "codename": "view_user"}}, {"model": "auth.permission", "fields": {"name": "Can add content type", "content_type": ["contenttypes", "contenttype"], "codename": "add_contenttype"}}, {"model": "auth.permission", "fields": {"name": "Can change content type", "content_type": ["contenttypes", "contenttype"], "codename": "change_contenttype"}}, {"model": "auth.permission", "fields": {"name": "Can delete content type", "content_type": ["contenttypes", "contenttype"], "codename": "delete_contenttype"}}, {"model": "auth.permission", "fields": {"name": "Can view content type", "content_type": ["contenttypes", "contenttype"], "codename": "view_contenttype"}}, {"model": "auth.permission", "fields": {"name": "Can add session", "content_type": ["sessions", "session"], "codename": "add_session"}}, {"model": "auth.permission", "fields": {"name": "Can change session", "content_type": ["sessions", "session"], "codename": "change_session"}}, {"model": "auth.permission", "fields": {"name": "Can delete session", "content_type": ["sessions", "session"], "codename": "delete_session"}}, {"model": "auth.permission", "fields": {"name": "Can view session", "content_type": ["sessions", "session"], "codename": "view_session"}}, {"model": "auth.permission", "fields": {"name": "Can add brand", "content_type": ["products", "brand"], "codename": "add_brand"}}, {"model": "auth.permission", "fields": {"name": "Can change brand", "content_type": ["products", "brand"], "codename": "change_brand"}}, {"model": "auth.permission", "fields": {"name": "Can delete brand", "content_type": ["products", "brand"], "codename": "delete_brand"}}, {"model": "auth.permission", "fields": {"name": "Can view brand", "content_type": ["products", "brand"], "codename": "view_brand"}}, {"model": "auth.permission", "fields": {"name": "Can add image", "content_type": ["products", "image"], "codename": "add_image"}}, {"model": "auth.permission", "fields": {"name": "Can change image", "content_type": ["products", "image"], "codename": "change_image"}}, {"model": "auth.permission", "fields": {"name": "Can delete image", "content_type": ["products", "image"], "codename": "delete_image"}}, {"model": "auth.permission", "fields": {"name": "Can view image", "content_type": ["products", "image"], "codename": "view_image"}}, {"model": "auth.permission", "fields": {"name": "Can add category", "content_type": ["products", "category"], "codename": "add_category"}}, {"model": "auth.permission", "fields": {"name": "Can change category", "content_type": ["products", "category"], "codename": "change_category"}}, {"model": "auth.permission", "fields": {"name": "Can delete category", "content_type": ["products", "category"], "codename": "delete_category"}}, {"model": "auth.permission", "fields": {"name": "Can view category", "content_type": ["products", "category"], "codename": "view_category"}}, {"model": "auth.permission", "fields": {"name": "Can add product", "content_type": ["products", "product"], "codename": "add_product"}}, {"model": "auth.permission", "fields": {"name": "Can change product", "content_type": ["products", "product"], "codename": "change_product"}}, {"model": "auth.permission", "fields": {"name": "Can delete product", "content_type": ["products", "product"], "codename": "delete_product"}}, {"model": "auth.permission", "fields": {"name": "Can view product", "content_type": ["products", "product"], "codename": "view_product"}}, {"model": "auth.permission", "fields": {"name": "Can add banner", "content_type": ["products", "banner"], "codename": "add_banner"}}, {"model": "auth.permission", "fields": {"name": "Can change banner", "content_type": ["products", "banner"], "codename": "change_banner"}}, {"model": "auth.permission", "fields": {"name": "Can delete banner", "content_type": ["products", "banner"], "codename": "delete_banner"}}, {"model": "auth.permission", "fields": {"name": "Can view banner", "content_type": ["products", "banner"], "codename": "view_banner"}}, {"model": "auth.permission", "fields": {"name": "Can add product image", "content_type": ["products", "productimage"], "codename": "add_productimage"}}, {"model": "auth.permission", "fields": {"name": "Can change product image", "content_type": ["products", "productimage"], "codename": "change_productimage"}}, {"model": "auth.permission", "fields": {"name": "Can delete product image", "content_type": ["products", "productimage"], "codename": "delete_productimage"}}, {"model": "auth.permission", "fields": {"name": "Can view product image", "content_type": ["products", "productimage"], "codename": "view_productimage"}}, {"model": "auth.permission", "fields": {"name": "Can add datasheet", "content_type": ["products", "datasheet"], "codename": "add_datasheet"}}, {"model": "auth.permission", "fields": {"name": "Can change datasheet", "content_type": ["products", "datasheet"], "codename": "change_datasheet"}}, {"model": "auth.permission", "fields": {"name": "Can delete datasheet", "content_type": ["products", "datasheet"], "codename": "delete_datasheet"}}, {"model": "auth.permission", "fields": {"name": "Can view datasheet", "content_type": ["products", "datasheet"], "codename": "view_datasheet"}}, {"model": "auth.permission", "fields": {"name": "Can add query", "content_type": ["queries", "query"], "codename": "add_query"}}, {"model": "auth.permission", "fields": {"name": "Can change query", "content_type": ["queries", "query"], "codename": "change_query"}}, {"model": "auth.permission", "fields": {"name": "Can delete query", "content_type": ["queries", "query"], "codename": "delete_query"}}, {"model": "auth.permission", "fields": {"name": "Can view query", "content_type": ["queries", "query"], "codename": "view_query"}}, {"model": "auth.user", "fields": {"password": "pbkdf2_sha256$720000$y0MGzc6jGZQspYe0jGYIgq$ONO2LnTcuns6sJkY4HCSdWU8GqHWPWA/6iJnqHdqGIs=", "last_login": "2024-06-18T18:56:22.215Z", "is_superuser": true, "username": "exideAdmin2000", "first_name": "", "last_name": "", "email": "exideAdmin2000@gmail.com", "is_staff": true, "is_active": true, "date_joined": "2024-06-11T03:27:18.558Z", "groups": [], "user_permissions": []}}, {"model": "auth.user", "fields": {"password": "pbkdf2_sha256$720000$wQ5jrRGdGGOKOSvlo44D8o$Of7XMPDz9PXnVz0+NR+knuLEWfhKwD+efuV65I3fcJI=", "last_login": "2024-06-15T13:01:04.403Z", "is_superuser": true, "username": "exideAdmin2014", "first_name": "", "last_name": "", "email": "exideAdmin2014@gmail.com", "is_staff": true, "is_active": true, "date_joined": "2024-06-15T04:37:20.130Z", "groups": [], "user_permissions": []}}]
